Method,Job,AnalyzeLaunchVariance,EvaluateOverhead,MaxAbsoluteError,MaxRelativeError,MinInvokeCount,MinIterationTime,OutlierMode,Affinity,EnvironmentVariables,Jit,LargeAddressAware,Platform,PowerPlanMode,Runtime,AllowVeryLargeObjects,Concurrent,CpuGroups,Force,HeapAffinitizeMask,HeapCount,NoAffinitize,RetainVm,Server,Arguments,BuildConfiguration,Clock,EngineFactory,NuGetReferences,Toolchain,IsMutator,InvocationCount,IterationCount,IterationTime,LaunchCount,MaxIterationCount,MaxWarmupIterationCount,MemoryRandomization,MinIterationCount,MinWarmupIterationCount,RunStrategy,UnrollFactor,WarmupCount,Mean,Error,StdDev,Median,Gen0,Gen1,Gen2,Allocated
ColdStartSingleRequest,.NET 9.0,False,Default,Default,Default,Default,Default,Default,11111111,Empty,RyuJit,Default,X64,8c5e7fda-e8bf-4a96-9a85-a6e23a8c635c,.NET 9.0,False,True,False,True,Default,Default,False,False,False,Default,Default,Default,Default,Default,Default,Default,Default,Default,Default,Default,Default,Default,Default,Default,Default,Default,16,Default,"14,594.44 μs",428.930 μs,"1,195.685 μs","14,190.44 μs",156.2500,93.7500,0.0000,849.96 KB
CreateProduct,.NET 9.0,False,Default,Default,Default,Default,Default,Default,11111111,Empty,RyuJit,Default,X64,8c5e7fda-e8bf-4a96-9a85-a6e23a8c635c,.NET 9.0,False,True,False,True,Default,Default,False,False,False,Default,Default,Default,Default,Default,Default,Default,Default,Default,Default,Default,Default,Default,Default,Default,Default,Default,16,Default,"2,777.31 μs",556.880 μs,"1,641.972 μs","2,790.77 μs",3.4180,0.4883,0.0000,14.6 KB
DeleteProduct,.NET 9.0,False,Default,Default,Default,Default,Default,Default,11111111,Empty,RyuJit,Default,X64,8c5e7fda-e8bf-4a96-9a85-a6e23a8c635c,.NET 9.0,False,True,False,True,Default,Default,False,False,False,Default,Default,Default,Default,Default,Default,Default,Default,Default,Default,Default,Default,Default,Default,Default,Default,Default,16,Default,NA,NA,NA,NA,NA,NA,NA,NA
GetMediumDataset,.NET 9.0,False,Default,Default,Default,Default,Default,Default,11111111,Empty,RyuJit,Default,X64,8c5e7fda-e8bf-4a96-9a85-a6e23a8c635c,.NET 9.0,False,True,False,True,Default,Default,False,False,False,Default,Default,Default,Default,Default,Default,Default,Default,Default,Default,Default,Default,Default,Default,Default,Default,Default,16,Default,"32,979.49 μs",793.014 μs,"2,236.710 μs","32,392.54 μs",1500.0000,1166.6667,1000.0000,10213.43 KB
GetSingleProduct,.NET 9.0,False,Default,Default,Default,Default,Default,Default,11111111,Empty,RyuJit,Default,X64,8c5e7fda-e8bf-4a96-9a85-a6e23a8c635c,.NET 9.0,False,True,False,True,Default,Default,False,False,False,Default,Default,Default,Default,Default,Default,Default,Default,Default,Default,Default,Default,Default,Default,Default,Default,Default,16,Default,65.46 μs,3.444 μs,9.312 μs,63.54 μs,2.4414,0.0000,0.0000,11.39 KB
GetSmallDataset,.NET 9.0,False,Default,Default,Default,Default,Default,Default,11111111,Empty,RyuJit,Default,X64,8c5e7fda-e8bf-4a96-9a85-a6e23a8c635c,.NET 9.0,False,True,False,True,Default,Default,False,False,False,Default,Default,Default,Default,Default,Default,Default,Default,Default,Default,Default,Default,Default,Default,Default,Default,Default,16,Default,"33,124.27 μs",899.459 μs,"2,580.716 μs","32,623.94 μs",1428.5714,1285.7143,1000.0000,10202.7 KB
ConcurrentSingleRequests,.NET 9.0,False,Default,Default,Default,Default,Default,Default,11111111,Empty,RyuJit,Default,X64,8c5e7fda-e8bf-4a96-9a85-a6e23a8c635c,.NET 9.0,False,True,False,True,Default,Default,False,False,False,Default,Default,Default,Default,Default,Default,Default,Default,Default,Default,Default,Default,Default,Default,Default,Default,Default,16,Default,"1,010.56 μs",19.614 μs,39.172 μs,996.11 μs,113.2813,42.9688,0.0000,535.27 KB
ConcurrentSmallDatasets,.NET 9.0,False,Default,Default,Default,Default,Default,Default,11111111,Empty,RyuJit,Default,X64,8c5e7fda-e8bf-4a96-9a85-a6e23a8c635c,.NET 9.0,False,True,False,True,Default,Default,False,False,False,Default,Default,Default,Default,Default,Default,Default,Default,Default,Default,Default,Default,Default,Default,Default,Default,Default,16,Default,"44,693.08 μs","1,180.903 μs","3,330.757 μs","44,460.21 μs",1200.0000,1000.0000,1000.0000,45793.84 KB
UpdateProduct,.NET 9.0,False,Default,Default,Default,Default,Default,Default,11111111,Empty,RyuJit,Default,X64,8c5e7fda-e8bf-4a96-9a85-a6e23a8c635c,.NET 9.0,False,True,False,True,Default,Default,False,False,False,Default,Default,Default,Default,Default,Default,Default,Default,Default,Default,Default,Default,Default,Default,Default,Default,Default,16,Default,103.99 μs,4.571 μs,12.589 μs,99.41 μs,3.4180,0.0000,0.0000,14.71 KB
